url,university_code,university_name,province,region,admission_code,institution_type
https://huongnghiep.hocmai.vn/diem-truong/hoc-vien-ky-thuat-mat-ma/,ACT,Học Viện Kỹ Thuật Mật Mã,Hà Nội,Miền Bắc,KMA,Công lập
https://huongnghiep.hocmai.vn/diem-truong/hoc-vien-phong-khong-khong-quan/,ADAFA,Học Viện Phòng Không – Không Quân,Hà Nội,Miền Bắc,PKH,Công lập
https://huongnghiep.hocmai.vn/diem-truong/truong-si-quan-khong-quan-he-dai-hoc/,AFOC,Trường Sĩ Quan Không Quân - Hệ Đại học,Khánh Hoà,Miền Trung - Tây Nguyên,KGH,Công lập
https://huongnghiep.hocmai.vn/diem-truong/dai-hoc-an-giang/,AGU,Đại Học An Giang,An Giang,Miền Nam,QSA,Công lập
https://huongnghiep.hocmai.vn/diem-truong/hoc-vien-bao-chi-tuyen-truyen/,AJC,Học Viện Báo Chí – Tuyên Truyền,Hà Nội,Miền Bắc,HBT,Công lập
https://huongnghiep.hocmai.vn/diem-truong/hoc-vien-tai-chinh/,AOF,Học Viện Tài Chính,Hà Nội,Miền Bắc,HTC,Công lập
https://huongnghiep.hocmai.vn/diem-truong/hoc-vien-chinh-sach-va-phat-trien/,APD,Học Viện Chính Sách và Phát Triển,Hà Nội,Miền Bắc,HCP,Công lập
https://huongnghiep.hocmai.vn/diem-truong/dai-hoc-my-thuat-cong-nghiep-a-chau/,AUAD,Đại Học Mỹ Thuật Công Nghiệp Á Châu,Hồ Chí Minh,Miền Nam,MCA,Dân lập
https://huongnghiep.hocmai.vn/diem-truong/hoc-vien-ngan-hang-phan-vien-bac-ninh/,BA,Học Viện Ngân Hàng Phân Viện Bắc Ninh,Bắc Ninh,Miền Bắc,NHH,Công lập
https://huongnghiep.hocmai.vn/diem-truong/hoc-vien-ngan-hang/,BA,Học Viện Ngân Hàng,Hà Nội,Miền Bắc,NHH,Công lập
https://huongnghiep.hocmai.vn/diem-truong/hoc-vien-ngan-hang-phan-vien-phu-yen/,BA,Học Viên Ngân Hàng ( Phân Viện Phú Yên ),Phú Yên ,Miền Trung - Tây Nguyên,NHP,Công lập
https://huongnghiep.hocmai.vn/diem-truong/dai-hoc-nong-lam-bac-giang/,BAFU,Đại học Nông Lâm Bắc Giang,Bắc Giang,Miền Bắc,DBG,Công lập
https://huongnghiep.hocmai.vn/diem-truong/dai-hoc-binh-duong/,BDU,Đại Học Bình Dương,Bình Dương,Miền Nam,DBD,Dân lập
https://huongnghiep.hocmai.vn/diem-truong/dai-hoc-kinh-te-ky-thuat-binh-duong/,BETU,Đại Học Kinh Tế Kỹ Thuật Bình Dương,Bình Dương,Miền Nam,DKB,Dân lập
https://huongnghiep.hocmai.vn/diem-truong/dai-hoc-quoc-te-bac-ha/,BHIU,Đại Học Quốc Tế Bắc Hà,Bắc Ninh,Miền Bắc,DBH,Dân lập
https://huongnghiep.hocmai.vn/diem-truong/dai-hoc-bac-lieu/,BLU,Đại Học Bạc Liêu,Bạc Liêu,Miền Nam,DBL,Công lập
https://huongnghiep.hocmai.vn/diem-truong/dai-hoc-y-duoc-buon-ma-thuot/,BMTU,Đại học Y Dược Buôn Ma Thuột,Đắk Lắk,Miền Trung - Tây Nguyên,BMU,Dân lập
https://huongnghiep.hocmai.vn/diem-truong/dai-hoc-the-duc-the-thao-bac-ninh/,BNSU,Đại Học Thể Dục Thể Thao Bắc Ninh,Bắc Ninh,Miền Bắc,TDB,Công lập
https://huongnghiep.hocmai.vn/diem-truong/dai-hoc-anh-quoc-viet-nam/,BUV,Đại Học Anh Quốc Việt Nam,Hà Nội,Miền Bắc,BUV,Dân lập
https://huongnghiep.hocmai.vn/diem-truong/dai-hoc-ba-ria-vung-tau/,BVU,Đại Học Bà Rịa – Vũng Tàu,Bà Rịa - Vũng Tàu,Miền Nam,BVU,Dân lập
https://huongnghiep.hocmai.vn/diem-truong/truong-si-quan-phong-hoa/,CCE,Trường Sĩ Quan Phòng Hóa,Hà Nội,Miền Bắc,HGM,Công lập
https://huongnghiep.hocmai.vn/diem-truong/dai-hoc-cmc/,CMC,Đại học CMC,Hà Nội,Miền Bắc,CMC,Dân lập
https://huongnghiep.hocmai.vn/diem-truong/dai-hoc-can-tho/,CTU,Đại Học Cần Thơ,Cần Thơ,Miền Nam,TCT,Công lập
https://huongnghiep.hocmai.vn/diem-truong/dai-hoc-y-duoc-can-tho/,CTUMP,Đại Học Y Dược Cần Thơ,Cần Thơ,Miền Nam,YCT,Công lập
https://huongnghiep.hocmai.vn/diem-truong/dai-hoc-ky-thuat-cong-nghe-can-tho/,CTUT,Đại học Kỹ Thuật Công Nghệ Cần Thơ,Cần Thơ,Miền Nam,KCC,Dân lập
https://huongnghiep.hocmai.vn/diem-truong/dai-hoc-chu-van-an/,CVAUNI,Đại Học Chu Văn An,Hưng Yên,Miền Bắc,DCA,Dân lập
https://huongnghiep.hocmai.vn/diem-truong/dai-hoc-dong-a/,DAU,Đại Học Đông Á,Đà Nẵng,Miền Trung - Tây Nguyên,DAD,Dân lập
https://huongnghiep.hocmai.vn/diem-truong/dai-hoc-kien-truc-da-nang/,DAU,Đại Học Kiến Trúc Đà Nẵng,Đà Nẵng,Miền Trung - Tây Nguyên,KTD,Dân lập
https://huongnghiep.hocmai.vn/diem-truong/hoc-vien-ngoai-giao/,DAV,Học Viện Ngoại Giao,Hà Nội,Miền Bắc,HQT,Công lập
https://huongnghiep.hocmai.vn/diem-truong/dai-hoc-ky-thuat-hau-can-cong-an-nhan-dan-phia-bac/,ĐHKTHCCAND,Đại Học Kỹ Thuật - Hậu Cần Công An Nhân Dân (Phía Bắc),Bắc Ninh,Miền Bắc,HCB,Công lập
https://huongnghiep.hocmai.vn/diem-truong/dai-hoc-ky-thuat-hau-can-cong-an-nhan-dan-phia-nam/,ĐHKTHCCAND(PN).,Đại Học Kỹ Thuật - Hậu Cần Công An Nhân Dân (Phía Nam),Hồ Chí Minh,Miền Nam,HCN,Công lập
https://huongnghiep.hocmai.vn/diem-truong/dai-hoc-the-duc-the-thao-da-nang/,ĐHTDTTĐN,Đại Học Thể Dục Thể Thao Đà Nẵng,Đà Nẵng,Miền Trung - Tây Nguyên,TTD,Công lập
https://huongnghiep.hocmai.vn/diem-truong/dai-hoc-kinh-te-cong-nghiep-long-an/,DLA,Đại Học Kinh Tế Công Nghiệp Long An,Long An,Miền Nam,DLA,Dân lập
https://huongnghiep.hocmai.vn/diem-truong/dai-hoc-da-lat/,DLU,Đại Học Đà Lạt,Đà Lạt,Miền Trung - Tây Nguyên,TDL,Công lập
https://huongnghiep.hocmai.vn/diem-truong/dai-hoc-cong-nghe-dong-nai/,DNTU,Đại Học Công Nghệ Đồng Nai,Đồng Nai,Miền Nam,DCD,Dân lập
https://huongnghiep.hocmai.vn/diem-truong/dai-hoc-dai-nam/,DNU,Đại Học Đại Nam,Hà Nội,Miền Bắc,DDN,Dân lập
https://huongnghiep.hocmai.vn/diem-truong/dai-hoc-dong-nai/,DNU,Đại Học Đồng Nai,Đồng Nai,Miền Nam,DNU,Công lập
https://huongnghiep.hocmai.vn/diem-truong/dai-hoc-ky-thuat-y-duoc-da-nang/,DNUMTP,Đại học Kỹ thuật Y Dược Đà Nẵng,Đà Nẵng,Miền Trung - Tây Nguyên,YDN,Công lập
https://huongnghiep.hocmai.vn/diem-truong/dai-hoc-dong-thap/,DTHU,Đại Học Đồng Tháp,Đồng Tháp,Miền Nam,SPD,Công lập
https://huongnghiep.hocmai.vn/diem-truong/dai-hoc-dan-lap-duy-tan/,DTU,Đại Học Dân Lập Duy Tân,Đà Nẵng,Miền Trung - Tây Nguyên,DDT,Dân lập
https://huongnghiep.hocmai.vn/diem-truong/dai-hoc-kinh-te-dai-hoc-da-nang/,DUE,Đại Học Kinh Tế – Đại Học Đà Nẵng,Đà Nẵng,Miền Trung - Tây Nguyên,DDQ,Công lập
https://huongnghiep.hocmai.vn/diem-truong/dai-hoc-bach-khoa-dai-hoc-da-nang/,DUT,Đại Học Bách Khoa – Đại Học Đà Nẵng,Đà Nẵng,Miền Trung - Tây Nguyên,DDK,Công lập
https://huongnghiep.hocmai.vn/diem-truong/dai-hoc-cong-nghe-dong-a/,EAUT,Đại Học Công Nghệ Đông Á,Hà Nội,Miền Bắc,DDA,Dân lập
https://huongnghiep.hocmai.vn/diem-truong/dai-hoc-quoc-te-mien-dong/,EIU,Đại Học Quốc Tế Miền Đông,Bình Dương,Miền Nam,EIU,Dân lập
https://huongnghiep.hocmai.vn/diem-truong/dai-hoc-dien-luc/,EPU,Đại Học Điện Lực,Hà Nội,Miền Bắc,DDL,Công lập
https://huongnghiep.hocmai.vn/diem-truong/dai-hoc-tai-chinh-ngan-hang-ha-noi/,FBU,Đại Học Tài Chính Ngân Hàng Hà Nội,Hà Nội,Miền Bắc,FBU,Dân lập
https://huongnghiep.hocmai.vn/diem-truong/dai-hoc-fpt/,FPT,Đại Học FPT,Hà Nội,Miền Bắc,FPT,Dân lập
https://huongnghiep.hocmai.vn/diem-truong/dai-hoc-ngoai-thuong-co-so-phia-bac/,FTU,Đại Học Ngoại Thương (Cơ sở phía Bắc),Hà Nội,Miền Bắc,NTH,Công lập
https://huongnghiep.hocmai.vn/diem-truong/dai-hoc-ngoai-thuong-phia-nam/,FTU2,Đại Học Ngoại Thương (phía Nam),Hồ Chí Minh,Miền Nam,NTS,Công lập
https://huongnghiep.hocmai.vn/diem-truong/dai-hoc-gia-dinh/,GDU,Đại Học Gia Định,Hồ Chí Minh,Miền Nam,GDU,Dân lập
https://huongnghiep.hocmai.vn/diem-truong/hoc-vien-am-nhac-hue/,HAM,Học Viện Âm Nhạc Huế,Huế,Miền Trung - Tây Nguyên,HVA,Công lập
https://huongnghiep.hocmai.vn/diem-truong/dai-hoc-ha-noi/,HANU,Đại Học Hà Nội,Hà Nội,Miền Bắc,NHF,Công lập
https://huongnghiep.hocmai.vn/diem-truong/dai-hoc-kien-truc-ha-noi/,HAU,Đại Học Kiến Trúc Hà Nội,Hà Nội,Miền Bắc,KTA,Công lập
https://huongnghiep.hocmai.vn/diem-truong/dai-hoc-cong-nghiep-ha-noi/,HAUI,Đại Học Công Nghiệp Hà Nội,Hà Nội,Miền Bắc,DCN,Công lập
https://huongnghiep.hocmai.vn/diem-truong/dai-hoc-hoa-binh/,HBU,Đại Học Hòa Bình,Hà Nội,Miền Bắc,ETU,Dân lập
https://huongnghiep.hocmai.vn/diem-truong/hoc-vien-can-bo-tphcm/,HCA,Học viện cán bộ TPHCM,Hồ Chí Minh,Miền Nam,HCV,Công lập
https://huongnghiep.hocmai.vn/diem-truong/dai-hoc-kinh-te-dai-hoc-hue/,HCE-HU,Đại Học Kinh Tế – Đại Học Huế,Huế,Miền Trung - Tây Nguyên,DHK,Công lập
https://huongnghiep.hocmai.vn/diem-truong/nhac-vien-tphcm/,HCMCONS,Nhạc Viện TPHCM,Hồ Chí Minh,Miền Nam,NVS,Công lập
https://huongnghiep.hocmai.vn/diem-truong/dai-hoc-quoc-te-dai-hoc-quoc-gia-tphcm/,HCMIU,Đại Học Quốc Tế – Đại Học Quốc Gia TPHCM,Hồ Chí Minh,Miền Nam,QSQ,Công lập
https://huongnghiep.hocmai.vn/diem-truong/dai-hoc-van-hoa-tphcm/,HCMUC,Đại Học Văn Hóa TPHCM,Hồ Chí Minh,Miền Nam,VHS,Công lập
https://huongnghiep.hocmai.vn/diem-truong/dai-hoc-su-pham-tphcm/,HCMUE,Đại Học Sư Phạm TPHCM,Hồ Chí Minh,Miền Nam,SPS,Công lập
https://huongnghiep.hocmai.vn/diem-truong/dai-hoc-my-thuat-tphcm/,HCMUFA,Đại Học Mỹ Thuật TPHCM,Hồ Chí Minh,Miền Nam,MTS,Công lập
https://huongnghiep.hocmai.vn/diem-truong/dai-hoc-luat-tphcm/,HCMUL,Đại Học Luật TPHCM,Hồ Chí Minh,Miền Nam,LPS,Công lập
https://huongnghiep.hocmai.vn/diem-truong/dh-tai-nguyen-moi-truong-tphcm/,HCMUNRE,ĐH Tài Nguyên môi trường TPHCM,Hồ Chí Minh,Miền Nam,DTM,Công lập
https://huongnghiep.hocmai.vn/diem-truong/dai-hoc-su-pham-ky-thuat-tphcm/,HCMUTE,Đại Học Sư Phạm Kỹ Thuật TPHCM,Hồ Chí Minh,Miền Nam,SPK,Công lập
https://huongnghiep.hocmai.vn/diem-truong/dai-hoc-the-duc-the-thao-tphcm/,HCUS,Đại Học Thể Dục Thể Thao TPHCM,Hồ Chí Minh,Miền Nam,TDS,Công lập
https://huongnghiep.hocmai.vn/diem-truong/dai-hoc-dong-do/,HDIU,Đại Học Đông Đô,Hà Nội,Miền Bắc,DDD,Dân lập
https://huongnghiep.hocmai.vn/diem-truong/dai-hoc-hong-duc/,HĐU,Đại Học Hồng Đức,Thanh Hóa,Miền Trung - Tây Nguyên,HDT,Công lập
https://huongnghiep.hocmai.vn/diem-truong/dai-hoc-ha-hoa-tien/,HHTU,Đại Học Hà Hoa Tiên,Hà Nam,Miền Bắc,DHH,Dân lập
https://huongnghiep.hocmai.vn/diem-truong/dai-hoc-quoc-te-hong-bang/,HIU,Đại Học Quốc Tế Hồng Bàng,Hồ Chí Minh,Miền Nam,HBU,Dân lập
https://huongnghiep.hocmai.vn/diem-truong/dai-hoc-luat-ha-noi/,HLU,Đại Học Luật Hà Nội,Hà Nội,Miền Bắc,LPH,Công lập
https://huongnghiep.hocmai.vn/diem-truong/dai-hoc-ha-long/,HLU,Đại Học Hạ Long,Quảng Ninh,Miền Bắc,HLU,Công lập
https://huongnghiep.hocmai.vn/diem-truong/dai-hoc-hoa-lu/,HLUV,Đại Học Hoa Lư,Ninh Bình,Miền Bắc,DNB,Công lập
https://huongnghiep.hocmai.vn/diem-truong/dai-hoc-ky-thuat-y-te-hai-duong/,HMTU,Đại Học Kỹ Thuật Y Tế Hải Dương,Hải Dương,Miền Bắc,DKY,Công lập
https://huongnghiep.hocmai.vn/diem-truong/dai-hoc-thu-do-ha-noi/,HMU,Đại học Thủ Đô Hà Nội,Hà Nội,Miền Bắc,HNM,Công lập
https://huongnghiep.hocmai.vn/diem-truong/dai-hoc-y-ha-noi/,HMU,Đại Học Y Hà Nội,Hà Nội,Miền Bắc,YHB,Công lập
https://huongnghiep.hocmai.vn/diem-truong/phan-hieu-dai-hoc-y-ha-noi-tai-thanh-hoa/,HMU,Phân hiệu Đại học Y Hà Nội tại Thanh Hóa,Thanh Hóa,Miền Bắc,YHB,Công lập
https://huongnghiep.hocmai.vn/diem-truong/hoc-vien-chinh-tri-cong-an-nhan-dan/,HNCTCAND,Học Viện Chính Trị Công An Nhân Dân,Hà Nội,Miền Bắc,HCA,Công lập
https://huongnghiep.hocmai.vn/diem-truong/dai-hoc-su-pham-ha-noi/,HNUE,Đại Học Sư Phạm Hà Nội,Hà Nội,Miền Bắc,SPH,Công lập
https://huongnghiep.hocmai.vn/diem-truong/dai-hoc-su-pham-ha-noi-2/,HNUE,Đại Học Sư Phạm Hà Nội 2,Vĩnh Phúc,Miền Bắc,SP2,Công lập
https://huongnghiep.hocmai.vn/diem-truong/vien-dai-hoc-mo-ha-noi/,HOU,Viện Đại Học Mở Hà Nội,Hà Nội,Miền Bắc,MHN,Công lập
https://huongnghiep.hocmai.vn/diem-truong/dai-hoc-y-duoc-hai-phong/,HPMU,Đại Học Y Dược Hải Phòng,Hải Phòng,Miền Bắc,YPB,Công lập
https://huongnghiep.hocmai.vn/diem-truong/dai-hoc-kiem-sat-ha-noi/,HPU,Đại học Kiểm Sát Hà Nội,Hà Nội,Miền Bắc,DKS,Công lập
https://huongnghiep.hocmai.vn/diem-truong/dai-hoc-hai-phong/,HPU,Đại Học Hải Phòng,Hải Phòng,Miền Bắc,THP,Công lập
https://huongnghiep.hocmai.vn/diem-truong/truong-quan-tri-va-kinh-doanh-dai-hoc-quoc-gia-ha-noi/,HSB,Trường Quản Trị và Kinh Doanh - Đại học Quốc gia Hà Nội,Hà Nội,Miền Bắc,QHD,Công lập
https://huongnghiep.hocmai.vn/diem-truong/dai-hoc-hoa-sen/,HSU,Đại Học Hoa Sen,Hồ Chí Minh,Miền Nam,DTH,Dân lập
https://huongnghiep.hocmai.vn/diem-truong/dai-hoc-cong-nghiep-det-may-ha-noi/,HTU,Đại Học Công Nghiệp Dệt May Hà Nội,Hà Nội,Miền Bắc,CCM,Công lập
https://huongnghiep.hocmai.vn/diem-truong/dai-hoc-ha-tinh/,HTU,Đại Học Hà Tĩnh,Hà Tĩnh,Miền Trung - Tây Nguyên,HHT,Công lập
https://huongnghiep.hocmai.vn/diem-truong/dai-hoc-dan-lap-hai-phong/,HU,Đại Học Dân Lập Hải Phòng,Hải Phòng,Miền Bắc,DHP,Dân lập
https://huongnghiep.hocmai.vn/diem-truong/dai-hoc-nong-lam-dai-hoc-hue/,HUAF,Đại Học Nông Lâm – Đại Học Huế,Huế,Miền Trung - Tây Nguyên,DHL,Công lập
https://huongnghiep.hocmai.vn/diem-truong/dai-hoc-ngan-hang-tphcm/,HUB,Đại Học Ngân Hàng TPHCM,Hồ Chí Minh,Miền Nam,NHS,Công lập
https://huongnghiep.hocmai.vn/diem-truong/dai-hoc-kinh-doanh-va-cong-nghe-ha-noi/,HUBT,Đại Học Kinh Doanh và Công Nghệ Hà Nội,Hà Nội,Miền Bắc,DQK,Dân lập
https://huongnghiep.hocmai.vn/diem-truong/dai-hoc-van-hoa-ha-noi/,HUC,Đại Học Văn Hóa Hà Nội,Hà Nội,Miền Bắc,VHH,Công lập
https://huongnghiep.hocmai.vn/diem-truong/dai-hoc-nghe-thuat-dai-hoc-hue/,HU-CA,CA - Đại Học Nghệ Thuật – Đại Học Huế,Huế,Miền Trung - Tây Nguyên,DHN,Công lập
https://huongnghiep.hocmai.vn/diem-truong/dai-hoc-su-pham-dai-hoc-hue/,HUCE,Đại Học Sư Phạm – Đại Học Huế,Huế,Miền Trung - Tây Nguyên,DHS,Công lập
https://huongnghiep.hocmai.vn/diem-truong/khoa-ky-thuat-va-cong-nghe-dai-hoc-hue/,HUET,Khoa Kỹ thuật và Công nghệ - Đại học Huế,Huế,Miền Trung - Tây Nguyên,DHE,Công lập
https://huongnghiep.hocmai.vn/diem-truong/dai-hoc-ngoai-ngu-tin-hoc-tphcm/,HUFLIT,Đại Học Ngoại Ngữ – Tin Học TPHCM,Hồ Chí Minh,Miền Nam,DNT,Dân lập
https://huongnghiep.hocmai.vn/diem-truong/dai-hoc-noi-vu/,HUHA,Đại Học Nội Vụ,Hà Nội,Miền Bắc,DNV,Công lập
https://huongnghiep.hocmai.vn/diem-truong/truong-du-lich-dai-hoc-hue/,HUHT,Trường Du Lịch – Đại Học Huế,Huế,Miền Trung - Tây Nguyên,DHD,Công lập
https://huongnghiep.hocmai.vn/diem-truong/khoa-quoc-te-dai-hoc-hue/,HUIS,Khoa Quốc tế - Đại học Huế,Huế,Miền Trung - Tây Nguyên,DHI,Công lập
https://huongnghiep.hocmai.vn/diem-truong/dai-hoc-cong-thuong-tphcm/,HUIT,Đại Học Công Thương TPHCM,Hồ Chí Minh,Miền Nam,DCT,Công lập
https://huongnghiep.hocmai.vn/diem-truong/dai-hoc-mo-dia-chat/,HUMG,Đại Học Mỏ Địa Chất,Hà Nội,Miền Bắc,MDA,Công lập
https://huongnghiep.hocmai.vn/diem-truong/dai-hoc-y-duoc-dai-hoc-hue/,HUMP,Đại Học Y Dược – Đại Học Huế,Huế,Miền Trung - Tây Nguyên,DHY,Công lập
https://huongnghiep.hocmai.vn/diem-truong/dai-hoc-tai-nguyen-va-moi-truong-ha-noi/,HUNRE,Đại học Tài Nguyên và Môi Trường Hà Nội,Hà Nội,Miền Bắc,DMT,Công lập
https://huongnghiep.hocmai.vn/diem-truong/dai-hoc-duoc-ha-noi/,HUP,Đại Học Dược Hà Nội,Hà Nội,Miền Bắc,DKH,Công lập
https://huongnghiep.hocmai.vn/diem-truong/dai-hoc-su-pham-the-duc-the-thao-ha-noi/,HUPES,Đại Học Sư Phạm Thể Dục Thể Thao Hà Nội,Hà Nội,Miền Bắc,TDH,Công lập
https://huongnghiep.hocmai.vn/diem-truong/dai-hoc-y-te-cong-cong/,HUPH,Đại Học Y Tế Công Cộng,Hà Nội,Miền Bắc,YTC,Công lập
https://huongnghiep.hocmai.vn/diem-truong/phan-hieu-dai-hoc-hue-tai-quang-tri/,HU-QTC,QTC - Phân Hiệu Đại Học Huế tại Quảng Trị,Quảng Trị,Miền Trung - Tây Nguyên,DHQ,Công lập
https://huongnghiep.hocmai.vn/diem-truong/dai-hoc-khoa-hoc-dai-hoc-hue/,HUS,Đại Học Khoa Học – Đại Học Huế,Huế,Miền Trung - Tây Nguyên,DHT,Công lập
https://huongnghiep.hocmai.vn/diem-truong/dai-hoc-bach-khoa-ha-noi/,HUST,Đại Học Bách Khoa Hà Nội,Hà Nội,Miền Bắc,BKA,Công lập
https://huongnghiep.hocmai.vn/diem-truong/dai-hoc-cong-nghe-tphcm/,HUTECH,Đại học Công Nghệ TPHCM,Hồ Chí Minh,Miền Nam,DKC,Dân lập
https://huongnghiep.hocmai.vn/diem-truong/hoc-vien-bien-phong/,HVBP,Học Viện Biên Phòng,Hà Nội,Miền Bắc,BPH,Công lập
https://huongnghiep.hocmai.vn/diem-truong/hoc-vien-hai-quan/,HVHQ,Học Viện Hải Quân,Khánh Hoà,Miền Trung - Tây Nguyên,HQH,Công lập
https://huongnghiep.hocmai.vn/diem-truong/dai-hoc-hung-vuong/,HVU,Đại Học Hùng Vương,Phú Thọ,Miền Bắc,THV,Công lập
https://huongnghiep.hocmai.vn/diem-truong/dai-hoc-hung-vuong-tphcm/,HVUH,Đại học Hùng Vương - TPHCM,Hồ Chí Minh,Miền Nam,DHV,Dân lập
https://huongnghiep.hocmai.vn/diem-truong/dai-hoc-cong-nghe-thong-tin-va-truyen-thong-dai-hoc-thai-nguyen/,ICTU,Đại học Công Nghệ Thông Tin và Truyền Thông – Đại Học Thái Nguyên,Thái Nguyên,Miền Bắc,DCT,Công lập
https://huongnghiep.hocmai.vn/diem-truong/hoc-vien-quoc-te/,ISEF,Học viện Quốc tế,Hà Nội,Miền Bắc,AIS,Công lập
https://huongnghiep.hocmai.vn/diem-truong/khoa-quoc-te-dai-hoc-thai-nguyen/,ISTNU,Khoa Quốc Tế - Đại Học Thái Nguyên,Thái Nguyên,Miền Bắc,DTQ,Công lập
https://huongnghiep.hocmai.vn/diem-truong/dai-hoc-cong-nghiep-tphcm/,IUH,Đại Học Công Nghiệp TPHCM,Hồ Chí Minh,Miền Nam,IUH,Công lập
https://huongnghiep.hocmai.vn/diem-truong/dai-hoc-cong-nghiep-vinh/,IUV,Đại học Công nghiệp Vinh,Nghệ An,Miền Trung - Tây Nguyên,DCV,Dân lập
https://huongnghiep.hocmai.vn/diem-truong/dai-hoc-kien-giang/,KGU,Đại học Kiên Giang,Kiên Giang,Miền Nam,TKG,Công lập
https://huongnghiep.hocmai.vn/diem-truong/dai-hoc-lac-hong/,LHU,Đại Học Lạc Hồng,Đồng Nai,Miền Nam,DLH,Dân lập
https://huongnghiep.hocmai.vn/diem-truong/dai-hoc-luong-the-vinh/,LTVU,Đại Học Lương Thế Vinh,Hồ Chí Minh,Miền Bắc,DTV,Dân lập
https://huongnghiep.hocmai.vn/diem-truong/hoc-vien-hau-can-he-dan-su/,MAL,Học Viện Hậu Cần - Hệ Dân sự,Hà Nội,Miền Bắc,HEH,Công lập
https://huongnghiep.hocmai.vn/diem-truong/hoc-vien-hau-can-he-quan-su/,MAL,Học Viện Hậu Cần - Hệ Quân sự,Hà Nội,Miền Bắc,HEH,Công lập
https://huongnghiep.hocmai.vn/diem-truong/truong-si-quan-tang-thiet-giap/,MCTAO,Trường Sĩ  Quan Tăng – Thiết Giáp,Vĩnh Phúc,Miền Bắc,TGH,Công lập
https://huongnghiep.hocmai.vn/diem-truong/dai-hoc-cuu-long/,MKU,Đại Học Cửu Long,Vĩnh Long,Miền Nam,DCL,Dân lập
https://huongnghiep.hocmai.vn/diem-truong/hoc-vien-khoa-hoc-quan-su-he-dan-su/,MSA,Học Viện Khoa Học Quân Sự - Hệ Dân sự,Hà Nội,Miền Bắc,NQH,Công lập
https://huongnghiep.hocmai.vn/diem-truong/hoc-vien-khoa-hoc-quan-su-he-quan-su/,MSA,Học Viện Khoa Học Quân Sự - Hệ Quân sự,Hà Nội,Miền Bắc,NQH,Công lập
https://huongnghiep.hocmai.vn/diem-truong/dai-hoc-san-khau-dien-anh/,MSU,Đại Học Sân Khấu Điện Ảnh,Hà Nội,Miền Bắc,SKD,Công lập
https://huongnghiep.hocmai.vn/diem-truong/dai-hoc-san-khau-dien-anh-tphcm/,MSU,"Đại Học Sân Khấu, Điện Ảnh TPHCM",Hồ Chí Minh,Miền Nam,DSD,Công lập
https://huongnghiep.hocmai.vn/diem-truong/hoc-vien-ki-thuat-quan-su-he-dan-su/,MTA,Học Viện Kĩ Thuật Quân Sự - Hệ Dân sự,Hà Nội,Miền Bắc,KQH,Công lập
https://huongnghiep.hocmai.vn/diem-truong/hoc-vien-ki-thuat-quan-su-he-quan-su/,MTA,Học Viện Kĩ Thuật Quân Sự - Hệ Quân sự,Hà Nội,Miền Bắc,KQH,Công lập
https://huongnghiep.hocmai.vn/diem-truong/dai-hoc-xay-dung-mien-tay/,MTU,Đại Học Xây Dựng Miền Tây,Vĩnh Long,Miền Nam,MTU,Công lập
https://huongnghiep.hocmai.vn/diem-truong/dai-hoc-van-hoa-nghe-thuat-quan-doi/,MUCA,Đại Học Văn Hóa – Nghệ Thuật Quân Đội,Hà Nội,Miền Bắc,ZNH,Công lập
https://huongnghiep.hocmai.vn/diem-truong/dai-hoc-xay-dung-mien-trung/,MUCE,Đại Học Xây Dựng Miền Trung,Phú Yên,Miền Trung - Tây Nguyên,XDT,Công lập
https://huongnghiep.hocmai.vn/diem-truong/dai-hoc-cong-nghe-mien-dong/,MUT,Đại học Công nghệ Miền Đông,Đồng Nai,Miền Nam,MIT,Công lập
https://huongnghiep.hocmai.vn/diem-truong/dai-hoc-kinh-te-nghe-an/,NACE,Đại học Kinh Tế Nghệ An,Nghệ An,Miền Trung - Tây Nguyên,CEA,Công lập
https://huongnghiep.hocmai.vn/diem-truong/hoc-vien-quan-ly-giao-duc/,NAEM,Học Viện Quản Lý Giáo Dục,Hà Nội,Miền Bắc,HVQ,Công lập
https://huongnghiep.hocmai.vn/diem-truong/hoc-vien-hanh-chinh-quoc-gia-phia-bac/,NAPA,Học Viện Hành Chính Quốc Gia (phía Bắc),Hà Nội,Miền Bắc,HCH,Công lập
https://huongnghiep.hocmai.vn/diem-truong/hoc-vien-hanh-chinh-quoc-gia-phia-nam/,NAPA,Học Viện Hành Chính Quốc Gia (phía Nam),Hồ Chí Minh,Miền Nam,HCS,Công lập
https://huongnghiep.hocmai.vn/diem-truong/dai-hoc-nam-can-tho/,NCTU,Đại học Nam Cần Thơ,Cần Thơ,Miền Nam,DNC,Dân lập
https://huongnghiep.hocmai.vn/diem-truong/dai-hoc-dieu-duong-nam-dinh/,NDUN,Đại Học Điều Dưỡng Nam Định,Nam Định,Miền Bắc,YDD,Công lập
https://huongnghiep.hocmai.vn/diem-truong/dai-hoc-kinh-te-quoc-dan/,NEU,Đại Học Kinh Tế Quốc Dân,Hà Nội,Miền Bắc,KHA,Công lập
https://huongnghiep.hocmai.vn/diem-truong/truong-si-quan-luc-quan-2-dai-hoc-nguyen-hue/,NHU,Trường Sĩ Quan Lục Quân 2 - Đại học Nguyễn Huệ,Đồng Nai,Miền Nam,LBH,Công lập
https://huongnghiep.hocmai.vn/diem-truong/dai-hoc-nong-lam-tphcm/,NLU,Đại Học Nông Lâm TPHCM,Hồ Chí Minh,Miền Nam,DBG,Công lập
https://huongnghiep.hocmai.vn/diem-truong/phan-hieu-dai-hoc-nong-lam-tp-hcm-tai-gia-lai/,NLU,Phân hiệu Đại học Nông Lâm TP. HCM tại Gia Lai,Gia Lai,Miền Trung - Tây Nguyên,NLG,Công lập
https://huongnghiep.hocmai.vn/diem-truong/phan-hieu-dai-hoc-nong-lam-tp-hcm-tai-ninh-thuan/,NLU,Phân hiệu Đại học Nông Lâm TP. HCM tại Ninh Thuận,Ninh Thuận,Miền Trung - Tây Nguyên,NLS,Công lập
https://huongnghiep.hocmai.vn/diem-truong/truong-si-quan-cong-binh-he-dan-su-dai-hoc-ngo-quyen/,NQU,Đại học Ngô Quyền,Bình Dương,Miền Nam,SNH,Công lập
https://huongnghiep.hocmai.vn/diem-truong/truong-si-quan-cong-binh-he-dan-su-dai-hoc-ngo-quyen/,NQU,Trường Sĩ Quan Công Binh - Hệ Dân sự - Đại học Ngô Quyền,Bình Dương,Miền Nam,SNH,Công lập
https://huongnghiep.hocmai.vn/diem-truong/truong-si-quan-cong-binh-he-quan-su-dai-hoc-ngo-quyen/,NQU,Trường Sĩ Quan Công Binh - Hệ Quân sự - Đại học Ngô Quyền,Bình Dương,Miền Nam,SNH,Công lập
https://huongnghiep.hocmai.vn/diem-truong/dai-hoc-nguyen-tat-thanh/,NTTU,Đại Học Nguyễn Tất Thành,Hồ Chí Minh,Miền Nam,NTT,Dân lập
https://huongnghiep.hocmai.vn/diem-truong/dai-hoc-nguyen-trai/,NTU,Đại Học Nguyễn Trãi,Hà Nội,Miền Bắc,NTU,Dân lập
https://huongnghiep.hocmai.vn/diem-truong/dai-hoc-nha-trang/,NTU,Đại Học Nha Trang,Khánh Hòa,Miền Trung - Tây Nguyên,TSN,Công lập
https://huongnghiep.hocmai.vn/diem-truong/dai-hoc-su-pham-nghe-thuat-trung-uong/,NUAE,Đại Học Sư Phạm Nghệ Thuật Trung Ương,Hà Nội,Miền Bắc,GNT,Công lập
https://huongnghiep.hocmai.vn/diem-truong/dai-hoc-xay-dung-ha-noi/,NUCE,Đại Học Xây Dựng Hà Nội,Hà Nội,Miền Bắc,XDA,Công lập
https://huongnghiep.hocmai.vn/diem-truong/dai-hoc-su-pham-ky-thuat-nam-dinh/,NUTE,Đại Học Sư Phạm Kỹ Thuật Nam Định,Nam Định,Miền Bắc,SKN,Công lập
https://huongnghiep.hocmai.vn/diem-truong/dai-hoc-mo-tphcm/,OU,Đại Học Mở TPHCM,Hồ Chí Minh,Miền Nam,MBS,Công lập
https://huongnghiep.hocmai.vn/diem-truong/truong-si-quan-dac-cong/,OVSF,Trường Sĩ Quan Đặc Công,Hà Nội,Miền Bắc,DCH,Công lập
https://huongnghiep.hocmai.vn/diem-truong/dai-hoc-phong-chay-chua-chay-he-dan-su-phia-bac/,PCCC,Đại Học Phòng Cháy Chữa Cháy ( Hệ Dân sự Phía Bắc ),Hà Nội,Miền Bắc,PCH,Công lập
https://huongnghiep.hocmai.vn/diem-truong/dai-hoc-phong-chay-chua-chay-phia-bac/,PCCC,Đại Học Phòng Cháy Chữa Cháy (Phía Bắc),Hà Nội,Miền Bắc,PCH,Công lập
https://huongnghiep.hocmai.vn/diem-truong/dai-hoc-phong-chay-chua-chay-he-dan-su-phia-nam/,PCCC,Đại Học Phòng Cháy Chữa Cháy (Hệ Dân sự Phía Nam),Đồng Nai,Miền Nam,PCH,Công lập
https://huongnghiep.hocmai.vn/diem-truong/dai-hoc-phong-chay-chua-chay-phia-nam/,PCCC,Đại Học Phòng Cháy Chữa Cháy (phía Nam),Đồng Nai,Miền Nam,PCH,Công lập
https://huongnghiep.hocmai.vn/diem-truong/dai-hoc-phan-chau-trinh/,PCTU,Đại Học Phan Châu Trinh,Quảng Nam,Miền Trung - Tây Nguyên,DPC,Dân lập
https://huongnghiep.hocmai.vn/diem-truong/dai-hoc-dan-lap-phuong-dong/,PDU,Đại Học Dân Lập Phương Đông,Hà Nội,Miền Bắc,DPD,Dân lập
https://huongnghiep.hocmai.vn/diem-truong/dai-hoc-pham-van-dong/,PDU,Đại Học Phạm Văn Đồng,Quảng Ngãi,Miền Trung - Tây Nguyên,DPQ,Công lập
https://huongnghiep.hocmai.vn/diem-truong/dai-hoc-y-khoa-pham-ngoc-thach/,PNTU,Đại Học Y Khoa Phạm Ngọc Thạch,Hồ Chí Minh,Miền Nam,TYS,Công lập
https://huongnghiep.hocmai.vn/diem-truong/truong-si-quan-chinh-tri-dai-hoc-chinh-tri/,POC,Trường Sĩ Quan Chính Trị - Đại Học Chính Trị,Hà Nội,Miền Bắc,LCH,Công lập
https://huongnghiep.hocmai.vn/diem-truong/truong-si-quan-chinh-tri-he-dan-su/,POC,Trường Sĩ quan Chính trị (hệ dân sự),Hà Nội,Miền Bắc,LCH,Công lập
https://huongnghiep.hocmai.vn/diem-truong/hoc-vien-canh-sat-nhan-dan/,PPA,Học Viện Cảnh Sát Nhân Dân,Hà Nội,Miền Bắc,CSH,Công lập
https://huongnghiep.hocmai.vn/diem-truong/dai-hoc-canh-sat-nhan-dan/,PPU,Đại Học Cảnh Sát Nhân Dân,Hồ Chí Minh,Miền Nam,CSS,Công lập
https://huongnghiep.hocmai.vn/diem-truong/hoc-vien-an-ninh-nhan-dan/,PSA,Học Viện An Ninh Nhân Dân,Hà Nội,Miền Bắc,ANH,Công lập
https://huongnghiep.hocmai.vn/diem-truong/hoc-vien-cong-nghe-buu-chinh-vien-thong-phia-bac/,PTIT,Học Viện Công Nghệ Bưu Chính Viễn Thông (Phía Bắc),Hà Nội,Miền Bắc,BVH,Công lập
https://huongnghiep.hocmai.vn/diem-truong/hoc-vien-cong-nghe-buu-chinh-vien-thong-phia-nam/,PTIT,Học Viện Công Nghệ Bưu Chính Viễn Thông (phía Nam),Hồ Chí Minh,Miền Nam,BVS,Công lập
https://huongnghiep.hocmai.vn/diem-truong/dai-hoc-dau-khi-viet-nam/,PVU,Đại Học Dầu Khí Việt Nam,Bà Rịa - Vũng Tàu,Miền Nam,PVU,Công lập
https://huongnghiep.hocmai.vn/diem-truong/dai-hoc-dan-lap-phu-xuan/,PXU,Đại Học Dân Lập Phú Xuân,Huế,Miền Trung - Tây Nguyên,DPX,Dân lập
https://huongnghiep.hocmai.vn/diem-truong/dai-hoc-phu-yen/,PYU,Đại Học Phú Yên,Phú Yên,Miền Trung - Tây Nguyên,DPY,Công lập
https://huongnghiep.hocmai.vn/diem-truong/dai-hoc-quang-binh/,QBU,Đại Học Quảng Bình,Quảng Bình,Miền Trung - Tây Nguyên,DQB,Công lập
https://huongnghiep.hocmai.vn/diem-truong/dai-hoc-quy-nhon/,QNU,Đại Học Quy Nhơn,Bình Định,Miền Trung - Tây Nguyên,DQN,Công lập
https://huongnghiep.hocmai.vn/diem-truong/dai-hoc-quang-nam/,QNU,Đại Học Quảng Nam,Quảng Nam,Miền Trung - Tây Nguyên,DQU,Công lập
https://huongnghiep.hocmai.vn/diem-truong/dai-hoc-quang-trung/,QTU,Đại Học Quang Trung,Bình Định,Miền Trung - Tây Nguyên,DQT,Dân lập
https://huongnghiep.hocmai.vn/diem-truong/dai-hoc-cong-nghiep-quang-ninh/,QUI,Đại Học Công Nghiệp Quảng Ninh,Quảng Ninh,Miền Bắc,DDM,Công lập
https://huongnghiep.hocmai.vn/diem-truong/dai-hoc-quoc-te-rmit-viet-nam/,RMIT,Đại Học Quốc Tế RMIT Việt Nam,Hà Nội,Miền Bắc,RMU,Dân lập
https://huongnghiep.hocmai.vn/diem-truong/dai-hoc-sao-do/,SDU,Đại học Sao Đỏ,Hải Dương,Miền Bắc,SDU,Công lập
https://huongnghiep.hocmai.vn/diem-truong/truong-ngoai-ngu-dai-hoc-thai-nguyen/,SFL,Trường Ngoại Ngữ – Đại Học Thái Nguyên,Thái Nguyên,Miền Bắc,DTF,Công lập
https://huongnghiep.hocmai.vn/diem-truong/dai-hoc-sai-gon/,SGU,Đại Học Sài Gòn,Hồ Chí Minh,Miền Nam,SGD,Công lập
https://huongnghiep.hocmai.vn/diem-truong/dai-hoc-quoc-te-sai-gon/,SIU,Đại Học Quốc Tế Sài Gòn,Hồ Chí Minh,Miền Nam,TTQ,Dân lập
https://huongnghiep.hocmai.vn/diem-truong/khoa-y-dai-hoc-quoc-gia-tphcm/,SM,Khoa Y - Đại học Quốc Gia TPHCM,Hồ Chí Minh,Miền Nam,QSY,Công lập
https://huongnghiep.hocmai.vn/diem-truong/khoa-y-duoc-dai-hoc-da-nang/,SMP,Khoa Y Dược – Đại Học Đà Nẵng,Đà Nẵng,Miền Trung - Tây Nguyên,DDY,Công lập
https://huongnghiep.hocmai.vn/diem-truong/khoa-chinh-tri-hanh-chinh-dai-hoc-quoc-gia-tp-hcm/,SPAS,Khoa Chính trị - Hành chính (Đại học Quốc gia TP HCM),Hồ Chí Minh,Miền Nam,QSH,Công lập
https://huongnghiep.hocmai.vn/diem-truong/khoa-giao-duc-the-chat-dai-hoc-hue/,SPR-HU,Khoa Giáo Dục Thể Chất – Đại Học Huế,Huế,Miền Trung - Tây Nguyên,DHC,Công lập
https://huongnghiep.hocmai.vn/diem-truong/truong-si-quan-phao-binh/,SQPB,Trường Sĩ Quan Pháo Binh,Hà Nội,Miền Bắc,PBH,Công lập
https://huongnghiep.hocmai.vn/diem-truong/dai-hoc-cong-nghe-sai-gon/,STU,Đại Học Công Nghệ Sài Gòn,Hồ Chí Minh,Miền Nam,DSG,Dân lập
https://huongnghiep.hocmai.vn/diem-truong/dai-hoc-thai-binh-duong/,TBDU,Đại Học Thái Bình Dương,Khánh hoà,Miền Trung - Tây Nguyên,TBD,Dân lập
https://huongnghiep.hocmai.vn/diem-truong/dai-hoc-thai-binh/,TBU,Đại Học Thái Bình,Thái Bình,Miền Bắc,DTB,Công lập
https://huongnghiep.hocmai.vn/diem-truong/dai-hoc-y-duoc-thai-binh/,TBUMP,Đại Học Y Dược Thái Bình,Thái Bình,Miền Bắc,YTB,Công lập
https://huongnghiep.hocmai.vn/diem-truong/truong-si-quan-thong-tin-he-dan-su-dai-hoc-thong-tin-lien-lac/,TCU,Trường Sĩ Quan Thông Tin - Hệ Dân Sự - Đại Học Thông Tin Liên Lạc,Khánh Hoà,Miền Trung - Tây Nguyên,TTH,Công lập
https://huongnghiep.hocmai.vn/diem-truong/truong-si-quan-thong-tin-he-quan-su-dai-hoc-thong-tin-lien-lac/,TCU,Trường Sĩ Quan Thông Tin - Hệ Quân sự - Đại Học Thông Tin Liên Lạc,Khánh Hoà,Miền Trung - Tây Nguyên,TTH,Công lập
https://huongnghiep.hocmai.vn/diem-truong/dai-hoc-thu-dau-mot/,TDMU,Đại học Thủ Dầu Một,Bình Dương,Miền Nam,TDM,Công lập
https://huongnghiep.hocmai.vn/diem-truong/truong-si-quan-ki-thuat-quan-su-he-quan-su-dai-hoc-tran-dai-nghia/,TDNU,Trường Sĩ Quan Kĩ Thuật Quân Sự -  Hệ Quân sự - Đại Học Trần Đại Nghĩa,Đồng Nai,Miền Nam,VPH,Công lập
https://huongnghiep.hocmai.vn/diem-truong/truong-si-quan-ki-thuat-quan-su-he-dan-su-dai-hoc-tran-dai-nghia/,TDNU,Trường Sĩ Quan Kĩ Thuật Quân Sự - Hệ Dân sự - Đại Học Trần Đại Nghĩa,Đồng Nai,Miền Nam,VPH,Công lập
https://huongnghiep.hocmai.vn/diem-truong/dai-hoc-ton-duc-thang/,TDTU,Đại Học Tôn Đức Thắng,Hồ Chí Minh,Miền Nam,DTT,Công lập
https://huongnghiep.hocmai.vn/diem-truong/dai-hoc-thanh-do/,TDU,Đại học Thành Đô,Hà Nội,Miền Bắc,TDD,Dân lập
https://huongnghiep.hocmai.vn/diem-truong/dai-hoc-thanh-dong/,TDU,Đại Học Thành Đông,Hải Dương,Miền Bắc,DDB,Dân lập
https://huongnghiep.hocmai.vn/diem-truong/dai-hoc-tay-do/,TDU,Đại Học Tây Đô,Cần Thơ,Miền Nam,DTD,Dân lập
https://huongnghiep.hocmai.vn/diem-truong/dai-hoc-tien-giang/,TGU,Đại Học Tiền Giang,Tiền Giang,Miền Nam,TTG,Công lập
https://huongnghiep.hocmai.vn/diem-truong/dai-hoc-y-khoa-tokyo-viet-nam/,THUV,Đại học Y khoa Tokyo Việt Nam,Hưng Yên,Miền Bắc,THU,Dân lập
https://huongnghiep.hocmai.vn/diem-truong/dai-hoc-thang-long/,TLU,Đại Học Thăng Long,Hà Nội,Miền Bắc,DTL,Dân lập
https://huongnghiep.hocmai.vn/diem-truong/dai-hoc-thuy-loi-co-so-1/,TLU,Đại Học Thủy Lợi (Cơ sở 1),Hà Nội,Miền Bắc,TLA,Công lập
https://huongnghiep.hocmai.vn/diem-truong/dai-hoc-thuy-loi-co-so-2/,TLU,Đại Học Thủy Lợi (Cơ sở 2),Hồ Chí Minh,Miền Nam,TLS,Công lập
https://huongnghiep.hocmai.vn/diem-truong/dai-hoc-thuong-mai/,TMU,Đại Học Thương Mại,Hà Nội,Miền Bắc,TMA,Công lập
https://huongnghiep.hocmai.vn/diem-truong/phan-hieu-dai-hoc-thai-nguyen-tai-lao-cai/,TNU,Phân Hiệu Đại Học Thái Nguyên Tại Lào Cai,Lào Cai,Miền Bắc,TNU,Công lập
https://huongnghiep.hocmai.vn/diem-truong/dai-hoc-tay-nguyen/,TNU,Đại Học Tây Nguyên,Đắk Lắk,Miền Trung - Tây Nguyên,TTN,Công lập
https://huongnghiep.hocmai.vn/diem-truong/dai-hoc-khoa-hoc-dai-hoc-thai-nguyen/,TNUS,Đại Học Khoa Học – Đại Học Thái Nguyên,Thái Nguyên,Miền Bắc,DTZ,Công lập
https://huongnghiep.hocmai.vn/diem-truong/dai-hoc-ky-thuat-cong-nghiep-dai-hoc-thai-nguyen/,TNUT,Đại Học Kỹ Thuật Công Nghiệp – Đại Học Thái Nguyên,Thái Nguyên,Miền Bắc,DTK,Công lập
https://huongnghiep.hocmai.vn/diem-truong/truong-si-quan-luc-quan-1-dai-hoc-tran-quoc-tuan/,TQT UNI,Trường Sĩ Quan Lục Quân 1 - Đại học Trần Quốc Tuấn,Hà Nội,Miền Bắc,LAH,Công lập
https://huongnghiep.hocmai.vn/diem-truong/dai-hoc-tan-trao/,TTU,Đại học Tân Trào,Tuyên Quang,Miền Bắc,TQU,Công lập
https://huongnghiep.hocmai.vn/diem-truong/dh-tan-tao/,TTU,ĐH Tân Tạo,Long An,Miền Nam,TTU,Dân lập
https://huongnghiep.hocmai.vn/diem-truong/dai-hoc-phenikaa/,TTUH,Đại Học Phenikaa,Hà Nội,Miền Bắc,PKA,Dân lập
https://huongnghiep.hocmai.vn/diem-truong/dai-hoc-nong-lam-dai-hoc-thai-nguyen/,TUAF,Đại Học Nông Lâm – Đại Học Thái Nguyên,Thái Nguyên,Miền Bắc,DTN,Công lập
https://huongnghiep.hocmai.vn/diem-truong/dai-hoc-van-hoa-the-thao-va-du-lich-thanh-hoa/,TUCST,"Đại Học Văn Hóa, Thể Thao Và Du Lịch Thanh Hóa",Thanh Hóa,Miền Trung - Tây Nguyên,DVD,Công lập
https://huongnghiep.hocmai.vn/diem-truong/dai-hoc-su-pham-dai-hoc-thai-nguyen/,TUE,Đại Học Sư Phạm – Đại Học Thái Nguyên,Thái Nguyên,Miền Bắc,DTS,Công lập
https://huongnghiep.hocmai.vn/diem-truong/dai-hoc-kinh-te-quan-tri-kinh-doanh-dai-hoc-thai-nguyen/,TUEBA,Đại Học Kinh Tế  & Quản Trị Kinh Doanh – Đại Học Thái Nguyên,Thái Nguyên,Miền Bắc,DTE,Công lập
https://huongnghiep.hocmai.vn/diem-truong/dai-hoc-y-duoc-dai-hoc-thai-nguyen/,TUMP,Đại Học Y Dược – Đại Học Thái Nguyên,Thái Nguyên,Miền Bắc,DTY,Công lập
https://huongnghiep.hocmai.vn/diem-truong/dai-hoc-cong-doan/,TUU,Đại Học Công Đoàn,Hà Nội,Miền Bắc,LDA,Công lập
https://huongnghiep.hocmai.vn/diem-truong/dai-hoc-trung-vuong/,TVU,Đại Học Trưng Vương,Vĩnh Phúc,Miền Bắc,DVP,Dân lập
https://huongnghiep.hocmai.vn/diem-truong/dai-hoc-tra-vinh/,TVU,Đại Học Trà Vinh,Trà Vinh,Miền Nam,DVT,Công lập
https://huongnghiep.hocmai.vn/diem-truong/dai-hoc-kien-truc-tphcm/,UAH,Đại Học Kiến Trúc TPHCM,Hồ Chí Minh,Miền Nam,KTS,Công lập
https://huongnghiep.hocmai.vn/diem-truong/khoa-giao-duc-the-chat-dai-hoc-da-nang/,UD,Khoa Giáo dục thể chất - Đại học Đà Nẵng,Đà Nẵng,Miền Trung - Tây Nguyên,DDG,Công lập
https://huongnghiep.hocmai.vn/diem-truong/dai-hoc-cong-nghe-thong-tin-va-truyen-thong-viet-han-dai-hoc-da-nang/,UD - VKU,VKU - Đại học Công Nghệ Thông Tin và truyền thông Việt - Hàn – Đại Học Đà Nẵng,Đà Nẵng,Miền Trung - Tây Nguyên,VKU,Công lập
https://huongnghiep.hocmai.vn/diem-truong/khoa-cong-nghe-dai-hoc-da-nang/,UD - VKU,VKU - Khoa Công Nghệ – Đại Học Đà Nẵng,Đà Nẵng,Miền Trung - Tây Nguyên,DDI,Công lập
https://huongnghiep.hocmai.vn/diem-truong/phan-hieu-dai-hoc-da-nang-tai-kon-tum/,UDCK,Phân Hiệu Đại Học Đà Nẵng tại Kon Tum,Kon Tum,Miền Trung - Tây Nguyên,DDP,Công lập
https://huongnghiep.hocmai.vn/diem-truong/dai-hoc-su-pham-dai-hoc-da-nang/,UED,Đại Học Sư Phạm – Đại Học Đà Nẵng,Đà Nẵng,Miền Trung - Tây Nguyên,DDS,Công lập
https://huongnghiep.hocmai.vn/diem-truong/dai-hoc-kinh-te-tai-chinh-tphcm/,UEF,Đại Học Kinh Tế -Tài chính TPHCM,Hồ Chí Minh,Miền Nam,KTC,Dân lập
https://huongnghiep.hocmai.vn/diem-truong/dai-hoc-kinh-te-tphcm/,UEH,Đại Học Kinh Tế TPHCM,Hồ Chí Minh,Miền Nam,KSA,Công lập
https://huongnghiep.hocmai.vn/diem-truong/dai-hoc-cong-nghe-dai-hoc-quoc-gia-ha-noi/,UET,Đại Học Công Nghệ – Đại Học Quốc Gia Hà Nội,Hà Nội,Miền Bắc,QHI,Công lập
https://huongnghiep.hocmai.vn/diem-truong/dai-hoc-tai-chinh-ke-toan/,UFA,Đại học Tài Chính Kế Toán,Quảng Ngãi,Miền Trung - Tây Nguyên,DKQ,Công lập
https://huongnghiep.hocmai.vn/diem-truong/dai-hoc-tai-chinh-quan-tri-kinh-doanh/,UFBA,Đại học Tài Chính – Quản Trị Kinh Doanh,Hưng Yên,Miền Bắc,DFA,Công lập
https://huongnghiep.hocmai.vn/diem-truong/dai-hoc-ngoai-ngu-dai-hoc-hue/,UFL-HU,Đại Học Ngoại Ngữ – Đại Học Huế,Huế,Miền Trung - Tây Nguyên,DHF,Công lập
https://huongnghiep.hocmai.vn/diem-truong/dai-hoc-ngoai-ngu-dai-hoc-da-nang/,UFLS,Đại Học Ngoại Ngữ – Đại Học Đà Nẵng,Đà Nẵng,Miền Trung - Tây Nguyên,DDF,Công lập
https://huongnghiep.hocmai.vn/diem-truong/dai-hoc-tai-chinh-marketing/,UFM,Đại Học Tài Chính Marketing,Hồ Chí Minh,Miền Nam,DMS,Công lập
https://huongnghiep.hocmai.vn/diem-truong/dai-hoc-hai-duong/,UHD,Đại Học Hải Dương,Hải Dương,Miền Bắc,DKT,Công lập
https://huongnghiep.hocmai.vn/diem-truong/dai-hoc-my-thuat-cong-nghiep/,UIFA,Đại Học Mỹ Thuật Công Nghiệp,Hà Nội,Miền Bắc,MTC,Công lập
https://huongnghiep.hocmai.vn/diem-truong/dai-hoc-kinh-bac/,UKB,Đại Học Kinh Bắc,Bắc Ninh,Miền Bắc,UKB,Dân lập
https://huongnghiep.hocmai.vn/diem-truong/dai-hoc-khanh-hoa/,UKH,Đại học Khánh Hòa,Khánh Hòa,Miền Trung - Tây Nguyên,UKH,Công lập
https://huongnghiep.hocmai.vn/diem-truong/dai-hoc-luat-dai-hoc-hue/,UL-HU,Đại Học Luật - Đại Học Huế,Huế,Miền Trung - Tây Nguyên,DHA,Công lập
https://huongnghiep.hocmai.vn/diem-truong/dai-hoc-ngoai-ngu-dai-hoc-quoc-gia-ha-noi/,ULIS,Đại Học Ngoại Ngữ – Đại Học Quốc Gia Hà Nội,Hà Nội,Miền Bắc,QHF,Công lập
https://huongnghiep.hocmai.vn/diem-truong/dai-hoc-lao-dong-xa-hoi-co-so-ha-noi/,ULSA,Đại Học Lao Động – Xã Hội (Cơ sở Hà Nội),Hà Nội,Miền Bắc,DLX,Công lập
https://huongnghiep.hocmai.vn/diem-truong/dai-hoc-lao-dong-xa-hoi-co-so-son-tay/,ULSA,Đại Học Lao Động – Xã Hội (Cơ sở Sơn Tây),Hà Nội,Miền Bắc,DLX,Công lập
https://huongnghiep.hocmai.vn/diem-truong/dai-hoc-lao-dong-xa-hoi-co-so-phia-nam/,ULSA2,Đại Học Lao Động – Xã Hội (Cơ sở phía Nam),Hồ Chí Minh,Miền Nam,DLS,Công lập
https://huongnghiep.hocmai.vn/diem-truong/dai-hoc-y-duoc-tphcm/,UMP HCM,Đại Học Y Dược TPHCM,Hồ Chí Minh,Miền Nam,YDS,Công lập
https://huongnghiep.hocmai.vn/diem-truong/dai-hoc-quan-ly-va-cong-nghe-tphcm/,UMT,Đại học Quản lý và Công nghệ TPHCM,Hồ Chí Minh,Miền Nam,UMT,Dân lập
https://huongnghiep.hocmai.vn/diem-truong/dai-hoc-kinh-te-ky-thuat-cong-nghiep/,UNETI,Đại Học Kinh Tế Kỹ Thuật Công Nghiệp,Hà Nội,Miền Bắc,DKK,Công lập
https://huongnghiep.hocmai.vn/diem-truong/dai-hoc-su-pham-the-ducthe-thao-tphcm/,UPES,Đại Học Sư Phạm Thể DụcThể Thao TPHCM,Hồ Chí Minh,Miền Nam,STS,Công lập
https://huongnghiep.hocmai.vn/diem-truong/dai-hoc-phan-thiet/,UPT,Đại Học Phan Thiết,Bình Thuận,Miền Trung - Tây Nguyên,DPT,Dân lập
https://huongnghiep.hocmai.vn/diem-truong/dai-hoc-khoa-hoc-va-cong-nghe-ha-noi/,USTH,Đại Học Khoa Học Và Công Nghệ Hà Nội,Hà Nội,Miền Bắc,KCN,Công lập
https://huongnghiep.hocmai.vn/diem-truong/dai-hoc-tay-bac/,UTB,Đại Học Tây Bắc,Sơn La,Miền Bắc,TTB,Công lập
https://huongnghiep.hocmai.vn/diem-truong/dai-hoc-giao-thong-van-tai-co-so-phia-bac/,UTC,Đại Học Giao Thông Vận Tải (Cơ sở Phía Bắc),Hà Nội,Miền Bắc,GHA,Công lập
https://huongnghiep.hocmai.vn/diem-truong/dai-hoc-giao-thong-van-tai-co-so-phia-nam/,UTC2,Đại Học Giao Thông Vận Tải (Cơ sở Phía Nam),Hồ Chí Minh,Miền Nam,GSA,Công lập
https://huongnghiep.hocmai.vn/diem-truong/dai-hoc-su-pham-ky-thuat-dai-hoc-da-nang/,UTE,Đại học Sư phạm Kỹ thuật - Đại học Đà Nẵng,Đà Nẵng,Miền Trung - Tây Nguyên,DSK,Công lập
https://huongnghiep.hocmai.vn/diem-truong/dai-hoc-su-pham-ky-thuat-hung-yen/,UTEHY,Đại Học Sư Phạm Kỹ Thuật Hưng Yên,Hải Dương,Miền Bắc,SKH,Công lập
https://huongnghiep.hocmai.vn/diem-truong/dai-hoc-giao-thong-van-tai-tphcm/,UT-HCMC,HCMC - Đại Học Giao Thông Vận Tải TPHCM,Hồ Chí Minh,Miền Nam,GTS,Công lập
https://huongnghiep.hocmai.vn/diem-truong/dai-hoc-cong-nghe-va-quan-ly-huu-nghi/,UTM,Đại Học Công Nghệ và Quản Lý Hữu Nghị,Hà Nội,Miền Bắc,DCQ,Dân lập
https://huongnghiep.hocmai.vn/diem-truong/dai-hoc-cong-nghe-giao-thong-van-tai/,UTT,Đại học Công nghệ Giao thông vận tải,Hà Nội,Miền Bắc,GTA,Công lập
https://huongnghiep.hocmai.vn/diem-truong/hoc-vien-hang-khong-viet-nam/,VAA,Học Viện Hàng Không Việt Nam,Hồ Chí Minh,Miền Nam,HHK,Công lập
https://huongnghiep.hocmai.vn/diem-truong/dai-hoc-kinh-te-cong-nghe-thai-nguyen/,VBU,Đại học Kinh tế - Công nghệ Thái Nguyên,Thái Nguyên,Miền Bắc,DVB,Dân lập
https://huongnghiep.hocmai.vn/diem-truong/hoc-vien-toa-an/,VCA,Học viện Tòa án,Hà Nội,Miền Bắc,HTA,Công lập
https://huongnghiep.hocmai.vn/diem-truong/dai-hoc-viet-duc/,VGU,Đại Học Việt Đức,Bình Dương,Miền Nam,VGU,Công lập
https://huongnghiep.hocmai.vn/diem-truong/dai-hoc-van-hien/,VHU,Đại Học Văn Hiến,Hồ Chí Minh,Miền Nam,DVH,Dân lập
https://huongnghiep.hocmai.vn/diem-truong/dai-hoc-cong-nghiep-viet-hung/,VIU,Đại Học Công Nghiệp Việt Hung,Hà Nội,Miền Bắc,VHD,Công lập
https://huongnghiep.hocmai.vn/diem-truong/dai-hoc-viet-nhat-dh-quoc-gia-ha-noi/,VJU,Đại học Việt Nhật - ĐH Quốc gia Hà Nội,Hà Nội,Miền Bắc,QHJ,Công lập
https://huongnghiep.hocmai.vn/diem-truong/dai-hoc-dan-lap-van-lang/,VLU,Đại Học Dân Lập Văn Lang,Hồ Chí Minh,Miền Nam,DVL,Dân lập
https://huongnghiep.hocmai.vn/diem-truong/dai-hoc-su-pham-ky-thuat-vinh-long/,VLUTE,Đại Học Sư Phạm Kỹ Thuật Vĩnh Long,Vĩnh Long,Miền Nam,VLU,Công lập
https://huongnghiep.hocmai.vn/diem-truong/hoc-vien-quan-y-he-dan-su/,VMMA,Học Viện Quân Y - Hệ Dân sự,Hà Nội,Miền Bắc,YQH,Công lập
https://huongnghiep.hocmai.vn/diem-truong/hoc-vien-quan-y-he-quan-su/,VMMA,Học Viện Quân Y - Hệ Quân sự,Hà Nội,Miền Bắc,YQH,Công lập
https://huongnghiep.hocmai.vn/diem-truong/dai-hoc-hang-hai/,VMU,Đại Học Hàng Hải,Hải Phòng,Miền Bắc,HHA,Công lập
https://huongnghiep.hocmai.vn/diem-truong/dai-hoc-y-khoa-vinh/,VMU,Đại Học Y Khoa Vinh,Nghệ An,Miền Trung - Tây Nguyên,YKV,Công lập
https://huongnghiep.hocmai.vn/diem-truong/hoc-vien-am-nhac-quoc-gia-viet-nam/,VNAM,Học Viện Âm Nhạc Quốc Gia Việt Nam,Hà Nội,Miền Bắc,NVH,Công lập
https://huongnghiep.hocmai.vn/diem-truong/truong-quoc-te-dai-hoc-quoc-gia-ha-noi/,VNU - IS,IS - Trường Quốc Tế – Đại Học Quốc Gia Hà Nội,Hà Nội,Miền Bắc,QHQ,Công lập
https://huongnghiep.hocmai.vn/diem-truong/dai-hoc-y-duoc-dai-hoc-quoc-gia-ha-noi/,VNU - SMP,SMP - Đại học Y Dược - Đại học Quốc Gia Hà Nội,Hà Nội,Miền Bắc,QHY,Công lập
https://huongnghiep.hocmai.vn/diem-truong/dai-hoc-kinh-te-dai-hoc-quoc-gia-ha-noi/,VNU - UEB,UEB - Đại Học Kinh Tế – Đại Học Quốc Gia Hà Nội,Hà Nội,Miền Bắc,QHE,Công lập
https://huongnghiep.hocmai.vn/diem-truong/dai-hoc-giao-duc-dai-hoc-quoc-gia-ha-noi/,VNU - UED,UED - Đại Học Giáo Dục - Đại học Quốc Gia Hà Nội,Hà Nội,Miền Bắc,QHS,Công lập
https://huongnghiep.hocmai.vn/diem-truong/dai-hoc-luat-dai-hoc-quoc-gia-ha-noi/,VNU - UL,UL - Đại Học Luật – Đại Học Quốc Gia Hà Nội,Hà Nội,Miền Bắc,QHL,Công lập
https://huongnghiep.hocmai.vn/diem-truong/hoc-vien-nong-nghiep-viet-nam/,VNUA,Học Viện Nông Nghiệp Việt Nam,Hà Nội,Miền Bắc,HVN,Công lập
https://huongnghiep.hocmai.vn/diem-truong/dai-hoc-lam-nghiep-co-so-1/,VNUF,Đại Học Lâm Nghiệp ( Cơ sở 1 ),Hà Nội,Miền Bắc,LNH,Công lập
https://huongnghiep.hocmai.vn/diem-truong/dai-hoc-lam-nghiep-co-so-2-phan-hieu-dong-nai/,VNUF,Đại Học Lâm Nghiệp (Cơ sở 2) - Phân hiệu Đồng Nai,Đồng Nai,Miền Nam,LNS,Công lập
https://huongnghiep.hocmai.vn/diem-truong/dai-hoc-lam-nghiep-co-so-3-phan-hieu-gia-lai/,VNUF3,Đại Học Lâm Nghiệp (Cơ sở 3) - Phân hiệu Gia Lai,Gia Lai,Miền Trung - Tây Nguyên,LNA,Công lập
https://huongnghiep.hocmai.vn/diem-truong/phan-hieu-dai-hoc-quoc-gia-tp-hcm-tai-ben-tre/,VNUHCM,Phân hiệu Đại học Quốc gia TP.HCM tại Bến Tre,Bến Tre,Miền Nam,QSP,Công lập
https://huongnghiep.hocmai.vn/diem-truong/dai-hoc-kinh-te-luat-dai-hoc-quoc-gia-tphcm/,VNUHCM - UEL,UEL - Đại học Kinh Tế – Luật – Đại Học Quốc Gia TPHCM,Hồ Chí Minh,Miền Nam,QSK,Công lập
https://huongnghiep.hocmai.vn/diem-truong/dai-hoc-cong-nghe-thong-tin-dai-hoc-quoc-gia-tphcm/,VNUHCM - UIT,UIT - Đại Học Công Nghệ Thông Tin – Đại Học Quốc Gia TPHCM,Hồ Chí Minh,Miền Nam,QSC,Công lập
https://huongnghiep.hocmai.vn/diem-truong/dai-hoc-khoa-hoc-tu-nhien-dai-hoc-quoc-gia-tphcm/,VNUHCM – US,Đại Học Khoa Học Tự Nhiên – Đại Học Quốc Gia TPHCM,Hồ Chí Minh,Miền Nam,QST,Công lập
https://huongnghiep.hocmai.vn/diem-truong/dai-hoc-khoa-hoc-xa-hoi-va-nhan-van-dai-hoc-quoc-gia-tphcm/,VNUHCM-USSH,USSH - Đại Học Khoa Học Xã Hội và Nhân Văn – Đại Học Quốc Gia TPHCM,Hồ Chí Minh,Miền Nam,QSX,Công lập
https://huongnghiep.hocmai.vn/diem-truong/dai-hoc-bach-khoa-dai-hoc-quoc-gia-tphcm/,VNUHCM-UT,UT - Đại Học Bách Khoa – Đại Học Quốc Gia TPHCM,Hồ Chí Minh,Miền Nam,QSB,Công lập
https://huongnghiep.hocmai.vn/diem-truong/dai-hoc-khoa-hoc-tu-nhien-dai-hoc-quoc-gia-ha-noi/,VNU-HUS,HUS - Đại Học Khoa Học Tự Nhiên – Đại Học Quốc Gia Hà Nội,Hà Nội,Miền Bắc,QHT,Công lập
https://huongnghiep.hocmai.vn/diem-truong/vien-nghien-cuu-va-dao-tao-viet-anh-dai-hoc-da-nang/,VNUK,Viện nghiên cứu và đào tạo Việt Anh - Đại học Đà Nẵng,Đà Nẵng,Miền Trung - Tây Nguyên,DDV,Công lập
https://huongnghiep.hocmai.vn/diem-truong/khoa-cac-khoa-hoc-lien-nganh-dh-quoc-gia-ha-noi/,VNU-SIS,SIS - Khoa các khoa học liên ngành - ĐH Quốc gia Hà Nội,Hà Nội,Miền Bắc,QHK,Công lập
https://huongnghiep.hocmai.vn/diem-truong/dai-hoc-khoa-hoc-xa-hoi-va-nhan-van-dai-hoc-quoc-gia-ha-noi/,VNU-USSH,USSH - Đại Học Khoa Học Xã Hội và Nhân Văn – Đại Học Quốc Gia Hà Nội,Hà Nội,Miền Bắc,QHX,Công lập
https://huongnghiep.hocmai.vn/diem-truong/dai-hoc-an-ninh-nhan-dan/,VPSU,Đại Học An Ninh Nhân Dân,Hồ Chí Minh,Miền Nam,ANS,Công lập
https://huongnghiep.hocmai.vn/diem-truong/dai-hoc-vo-truong-toan/,VTTU,Đại Học Võ Trường Toản,Hậu Giang,Miền Nam,VTT,Dân lập
https://huongnghiep.hocmai.vn/diem-truong/dai-hoc-vinh/,VU,Đại Học Vinh,Nghệ An,Miền Trung - Tây Nguyên,TDV,Công lập
https://huongnghiep.hocmai.vn/diem-truong/dai-hoc-my-thuat-viet-nam/,VUFA,Đại Học Mỹ Thuật Việt Nam,Hà Nội,Miền Bắc,MTH,Công lập
https://huongnghiep.hocmai.vn/diem-truong/dai-hoc-cong-nghiep-viet-tri/,VUI,Đại Học Công Nghiệp Việt Trì,Phú Thọ,Miền Bắc,VUI,Công lập
https://huongnghiep.hocmai.vn/diem-truong/dai-hoc-su-pham-ky-thuat-vinh/,VUTE,Đại Học Sư Phạm Kỹ Thuật Vinh,Nghệ An,Miền Trung - Tây Nguyên,SKV,Công lập
https://huongnghiep.hocmai.vn/diem-truong/hoc-vien-y-duoc-hoc-co-truyen-viet-nam/,VUTM,Học Viện Y Dược Học Cổ Truyền Việt Nam,Hà Nội,Miền Bắc,HYD,Công lập
https://huongnghiep.hocmai.vn/diem-truong/hoc-vien-phu-nu-viet-nam/,VWA,Học Viện Phụ Nữ Việt Nam,Hà Nội,Miền Bắc,HPN,Công lập
https://huongnghiep.hocmai.vn/diem-truong/dai-hoc-cong-nghe-van-xuan/,VXUT,Đại Học Công Nghệ Vạn Xuân,Nghệ An,Miền Trung - Tây Nguyên,DVX,Dân lập
https://huongnghiep.hocmai.vn/diem-truong/hoc-vien-thanh-thieu-nien-viet-nam/,VYA,Học Viện Thanh Thiếu Niên Việt Nam,Hà Nội,Miền Bắc,HTN,Công lập
https://huongnghiep.hocmai.vn/diem-truong/dai-hoc-yersin-da-lat/,YU,Đại Học Yersin Đà Lạt,Đà Lạt,Miền Trung - Tây Nguyên,DYD,Dân lập
